{
  "distortion_coefficients": [
    [
      -0.2617779531766036,
      0.07299245144214223,
      -0.0008783368737626503,
      0.0005677296550360416,
      -0.009526457431040148
    ]
  ],
  "camera_matrix": [
    [
      1201.8980952345773,
      0.0,
      1285.8230411343502
    ],
    [
      0.0,
      1202.0092241644218,
      899.7403542229232
    ],
    [
      0.0,
      0.0,
      1.0
    ]
  ]
}